<?xml version="1.0" encoding="UTF-8"?>
<beans xmlns="http://www.springframework.org/schema/beans"
    xmlns:xsi="http://www.w3.org/2001/XMLSchema-instance"
    xsi:schemaLocation="http://www.springframework.org/schema/beans
        https://www.springframework.org/schema/beans/spring-beans.xsd">
        
        <bean id = "item1" class = "com.cognizant.truyum.model.MenuItem">
	        <property name = "id" value = "1"></property>
	        <property name = "name" value = "Sandwich"></property>
	        <property name = "price" value = "99f"></property>
	        <property name = "active" value = "true"></property>
	        <property name = "dateOfLaunch" value = "03/15/2017"></property>
	        <property name = "category" value = "Main Course"></property>
	        <property name = "freeDelivery" value = "true"></property>
	        <property name = "url" value = "https://images.unsplash.com/photo-1528735602780-2552fd46c7af"></property>
        </bean>
        
        <bean id = "item2" class = "com.cognizant.truyum.model.MenuItem">
	        <property name = "id" value = "2"></property>
	        <property name = "name" value = "Burger"></property>
	        <property name = "price" value = "129f"></property>
	        <property name = "active" value = "true"></property>
	        <property name = "dateOfLaunch" value = "12/23/2017"></property>
	        <property name = "category" value = "Main Course"></property>
	        <property name = "freeDelivery" value = "false"></property>
	        <property name = "url" value = "https://images.unsplash.com/photo-1512152272829-e3139592d56f"></property>
        </bean>
        
        <bean id = "item3" class = "com.cognizant.truyum.model.MenuItem">
	        <property name = "id" value = "3"></property>
	        <property name = "name" value = "Pizza"></property>
	        <property name = "price" value = "149f"></property>
	        <property name = "active" value = "true"></property>
	        <property name = "dateOfLaunch" value = "08/21/2017"></property>
	        <property name = "category" value = "Main Course"></property>
	        <property name = "freeDelivery" value = "false"></property>
	        <property name = "url" value = "https://images.unsplash.com/photo-1534308983496-4fabb1a015ee"></property>
        </bean>
        
        <bean id = "item4" class = "com.cognizant.truyum.model.MenuItem">
	        <property name = "id" value = "4"></property>
	        <property name = "name" value = "French Fries"></property>
	        <property name = "price" value = "57f"></property>
	        <property name = "active" value = "false"></property>
	        <property name = "dateOfLaunch" value = "07/02/2017"></property>
	        <property name = "category" value = "Starters"></property>
	        <property name = "freeDelivery" value = "true"></property>
	        <property name = "url" value = "https://images.unsplash.com/photo-1526230427044-d092040d48dc"></property>
        </bean>
        
        <bean id = "item5" class = "com.cognizant.truyum.model.MenuItem">
	        <property name = "id" value = "5"></property>
	        <property name = "name" value = "Chocolate Brownie"></property>
	        <property name = "price" value = "32f"></property>
	        <property name = "active" value = "true"></property>
	        <property name = "dateOfLaunch" value = "11/02/2022"></property>
	        <property name = "category" value = "Dessert"></property>
	        <property name = "freeDelivery" value = "true"></property>
	        <property name = "url" value = "https://images.unsplash.com/photo-1564355808539-22fda35bed7e"></property>
        </bean>
        
        <bean id = "menuItemList" class = "java.util.ArrayList">
        	<constructor-arg>
        		<list>
        			<ref bean = "item1"></ref>
        			<ref bean = "item2"></ref>
        			<ref bean = "item3"></ref>
        			<ref bean = "item4"></ref>
        			<ref bean = "item5"></ref>
        		</list>
        	</constructor-arg>
        </bean>
                
</beans>